"","chr","start","end","np","mean","arm","snvs","ai","median","Cn","mCn","fullCN","meanCn","tumor_percent"
"1","chr1",19801,700386,54,-0.0463,"p",63,0.360098826436072,0.96187015503876,2,1,"cn2m1",1.90541353835969,0.694451238202151
"2","chr1",710386,61589356,6022,-0.5786,"p",32226,0.637612536568699,0.67,1,0,"cn1m0",1.90541353835969,0.694451238202151
"3","chr1",61599356,61889356,30,-1.7724,"p",184,0.403195488721805,0.293792517006803,0,0,"cn0m0",1.90541353835969,0.694451238202151
"4","chr1",61899356,90816956,2888,-0.5856,"p",15031,0.663827659666971,0.666666666666667,1,0,"cn1m0",1.90541353835969,0.694451238202151
"5","chr1",90826956,92746956,193,0.0529,"p",1269,0.268418176850924,1.03921568627451,2,1,"cn2m1",1.90541353835969,0.694451238202151
"6","chr1",92756956,92826956,8,-0.1324,"p",8,0.295652173913043,0.928648325358852,2,1,"cn2m1",1.90541353835969,0.694451238202151
"7","chr1",92836956,120505551,2761,0.0545,"p",15924,0.265724320402543,1.04,2,1,"cn2m1",1.90541353835969,0.694451238202151
"8","chr1",120515551,121135946,43,0.2264,"p",317,0.393269065243588,1.15625,2,1,"cn2m1",1.90541353835969,0.694451238202151
"9","chr1",121145946,121466546,33,0.0277,"p",95,0.452586206896552,1.04,2,1,"cn2m1",1.90541353835969,0.694451238202151
"10","chr1",142545541,143536126,75,0.0309,"q",1703,0.382305749009969,1.01754385964912,2,1,"cn2m1",1.90541353835969,0.694451238202151
"11","chr1",143646326,143976521,24,0.4831,"q",119,0.38025641025641,1.40999740999741,3,1,"cn3m1",1.90541353835969,0.694451238202151
"12","chr1",143986521,144286911,21,0.3658,"q",111,0.418092909535452,1.2843137254902,3,1,"cn3m1",1.90541353835969,0.694451238202151
"13","chr1",144296911,144707301,32,0.2284,"q",292,0.397799062563685,1.16749859392576,2,1,"cn2m1",1.90541353835969,0.694451238202151
"14","chr1",144817496,145117496,31,0.3572,"q",605,0.422641640839921,1.26470588235294,3,1,"cn3m1",1.90541353835969,0.694451238202151
"15","chr1",145127496,147888286,262,0.4979,"q",2066,0.400701291598977,1.41904761904762,3,1,"cn3m1",1.90541353835969,0.694451238202151
"16","chr1",147898286,148178481,14,0.2709,"q",39,0.381856540084388,1.23024948024948,3,1,"cn3m1",1.90541353835969,0.694451238202151
"17","chr1",148188481,149459471,103,0.435,"q",914,0.398623434779003,1.344,3,1,"cn3m1",1.90541353835969,0.694451238202151
"18","chr1",149519871,149750071,24,0.3261,"q",239,0.397239619577824,1.26679841897233,3,1,"cn3m1",1.90541353835969,0.694451238202151
"19","chr1",149760071,152551071,280,0.5227,"q",967,0.415053937214658,1.43754772553725,3,1,"cn3m1",1.90541353835969,0.694451238202151
"20","chr1",152561071,152601071,5,0.7677,"q",35,0.410770855332629,1.86538461538462,4,2,"cn4m2",1.90541353835969,0.694451238202151
"21","chr1",152611071,206485661,5357,0.5104,"q",34198,0.410579743094237,1.42424242424242,3,1,"cn3m1",1.90541353835969,0.694451238202151
"22","chr1",206495661,206545661,6,0.3195,"q",32,0.414675767918089,1.25179737665331,3,1,"cn3m1",1.90541353835969,0.694451238202151
"23","chr1",206555661,234902856,2829,0.5123,"q",19278,0.412733695630505,1.42574257425743,3,1,"cn3m1",1.90541353835969,0.694451238202151
"24","chr1",234912856,234952856,5,0.1954,"q",23,0.460685483870968,1.11728395061728,2,1,"cn2m1",1.90541353835969,0.694451238202151
"25","chr1",234962856,249227651,1407,0.5093,"q",12322,0.417132304495464,1.42391304347826,3,1,"cn3m1",1.90541353835969,0.694451238202151
"26","chr2",20201,90485011,8986,0.052,"p",62381,0.272584956545598,1.0377358490566,2,1,"cn2m1",1.90541353835969,0.694451238202151
"27","chr2",96809801,243172571,14589,0.0546,"q",94739,0.274426715421807,1.03960396039604,2,1,"cn2m1",1.90541353835969,0.694451238202151
"28","chr3",69801,6040001,598,-0.5896,"p",5455,0.659972905252305,0.666666666666667,1,0,"cn1m0",1.90541353835969,0.694451238202151
"29","chr3",6050001,87886201,8172,0.0572,"p",56806,0.270611520475417,1.04081632653061,2,1,"cn2m1",1.90541353835969,0.694451238202151
"30","chr3",93909996,197944681,10387,0.0536,"q",68590,0.27220251342894,1.03960396039604,2,1,"cn2m1",1.90541353835969,0.694451238202151
"31","chr4",20201,3536696,346,0.0779,"p",2374,0.289796799525056,1.05586766541823,2,1,"cn2m1",1.90541353835969,0.694451238202151
"32","chr4",3546696,3626696,9,-0.1534,"p",1056,0.400209362425987,0.879396984924623,2,1,"cn2m1",1.90541353835969,0.694451238202151
"33","chr4",3636696,9156491,550,0.0709,"p",5650,0.277880594267952,1.05102040816327,2,1,"cn2m1",1.90541353835969,0.694451238202151
"34","chr4",9183291,9243091,5,-0.1996,"p",5,0.322147651006711,0.899328859060403,2,1,"cn2m1",1.90541353835969,0.694451238202151
"35","chr4",9253091,17841086,853,0.0552,"p",6920,0.268263355500479,1.03960396039604,2,1,"cn2m1",1.90541353835969,0.694451238202151
"36","chr4",17851086,17891086,5,-0.2981,"p",13,0.422330097087379,0.696969696969697,1,0,"cn1m0",1.90541353835969,0.694451238202151
"37","chr4",17901086,48188071,3026,0.0535,"p",24030,0.271255857724514,1.03921568627451,2,1,"cn2m1",1.90541353835969,0.694451238202151
"38","chr4",52709861,62123256,937,0.0474,"q",6439,0.275292129318335,1.03333333333333,2,1,"cn2m1",1.90541353835969,0.694451238202151
"39","chr4",62133256,69364456,724,-0.5885,"q",3340,0.663134758537749,0.666666666666667,1,0,"cn1m0",1.90541353835969,0.694451238202151
"40","chr4",69374456,69484456,12,0.0811,"q",4,0.555555555555556,1.10869565217391,2,0,"cn2m0",1.90541353835969,0.694451238202151
"41","chr4",69494456,79691351,1018,-0.5841,"q",3655,0.658528526323519,0.669902912621359,1,0,"cn1m0",1.90541353835969,0.694451238202151
"42","chr4",79701551,79841551,15,-1.3994,"q",111,0.365119196988708,0.371428571428571,0,0,"cn0m0",1.90541353835969,0.694451238202151
"43","chr4",79851551,144913151,6506,-0.5883,"q",35894,0.673048231855672,0.666666666666667,1,0,"cn1m0",1.90541353835969,0.694451238202151
"44","chr4",144923151,145033151,12,-0.3168,"q",135,0.345341184620714,0.810467980295567,1,0,"cn1m0",1.90541353835969,0.694451238202151
"45","chr4",145043151,190536351,4546,-0.5892,"q",25192,0.668344248485013,0.666666666666667,1,0,"cn1m0",1.90541353835969,0.694451238202151
"46","chr4",190546351,190676351,14,-0.0813,"q",492,0.680851063829787,0.947812446717818,2,0,"cn2m0",1.90541353835969,0.694451238202151
"47","chr4",190686351,190916351,24,-0.5223,"q",421,0.436519979767324,0.686813186813187,1,0,"cn1m0",1.90541353835969,0.694451238202151
"48","chr4",190926351,191026351,11,-0.1485,"q",46,0.522097378277154,0.888888888888889,2,0,"cn2m0",1.90541353835969,0.694451238202151
"49","chr5",20201,46088796,4601,0.0502,"p",41877,0.268071702854312,1.03409090909091,2,1,"cn2m1",1.90541353835969,0.694451238202151
"50","chr5",50709991,96888186,4611,0.0448,"q",26015,0.267869244213004,1.03125,2,1,"cn2m1",1.90541353835969,0.694451238202151
"51","chr5",96898186,97468586,58,-0.0776,"q",783,0.299665711556829,0.95,2,1,"cn2m1",1.90541353835969,0.694451238202151
"52","chr5",97478586,180719576,8312,0.0411,"q",56607,0.268017980966168,1.02970297029703,2,1,"cn2m1",1.90541353835969,0.694451238202151
"53","chr5",180729576,180889576,17,-0.0983,"q",2,0.4375,0.934210526315789,2,1,"cn2m1",1.90541353835969,0.694451238202151
"54","chr6",69801,58683596,5827,0.0594,"p",41890,0.304746021490099,1.04166666666667,2,1,"cn2m1",1.90541353835969,0.694451238202151
"55","chr6",63309986,170993566,10721,0.0465,"q",75835,0.27102241746089,1.03157894736842,2,1,"cn2m1",1.90541353835969,0.694451238202151
"56","chr6",171003566,171043566,5,-0.2054,"q",16,0.546938775510204,0.84070796460177,1,0,"cn1m0",1.90541353835969,0.694451238202151
"57","chr7",19801,38282996,3820,0.0546,"p",33300,0.269669915751231,1.04,2,1,"cn2m1",1.90541353835969,0.694451238202151
"58","chr7",38292996,38382996,10,0.2883,"p",210,0.288102535525216,1.22073906485671,2,1,"cn2m1",1.90541353835969,0.694451238202151
"59","chr7",38392996,57980191,1955,0.0563,"p",17334,0.296842232792664,1.04,2,1,"cn2m1",1.90541353835969,0.694451238202151
"60","chr7",61737181,142242556,8015,0.0563,"q",57262,0.289246450841426,1.04040404040404,2,1,"cn2m1",1.90541353835969,0.694451238202151
"61","chr7",142252556,142493551,20,0.2045,"q",365,0.357944682328434,1.15484968803176,2,1,"cn2m1",1.90541353835969,0.694451238202151
"62","chr7",142503551,159116941,1646,0.0562,"q",13814,0.289778239920089,1.04081632653061,2,1,"cn2m1",1.90541353835969,0.694451238202151
"63","chr8",19801,119801,11,-0.1601,"p",15,0.516279069767442,0.902777777777778,2,1,"cn2m1",1.90541353835969,0.694451238202151
"64","chr8",129801,7179801,705,-0.5884,"p",8494,0.655333040753317,0.663551401869159,1,0,"cn1m0",1.90541353835969,0.694451238202151
"65","chr8",7189801,7460001,28,-0.323,"p",90,0.491780821917808,0.7921875,1,0,"cn1m0",1.90541353835969,0.694451238202151
"66","chr8",7470001,7630396,12,-0.6381,"p",8,0.594594594594595,0.669154228855721,1,0,"cn1m0",1.90541353835969,0.694451238202151
"67","chr8",7640396,7790596,16,-0.3122,"p",49,0.454810495626822,0.801408450704225,1,0,"cn1m0",1.90541353835969,0.694451238202151
"68","chr8",7800596,11963196,417,-0.5901,"p",2207,0.659057959838366,0.666666666666667,1,0,"cn1m0",1.90541353835969,0.694451238202151
"69","chr8",11973196,12453391,44,-0.3603,"p",348,0.493487698986975,0.780319215784843,1,0,"cn1m0",1.90541353835969,0.694451238202151
"70","chr8",12463391,22287991,983,-0.585,"p",9228,0.677981966697624,0.666666666666667,1,0,"cn1m0",1.90541353835969,0.694451238202151
"71","chr8",22297991,22548791,26,0.1274,"p",75,0.299682034976153,1.05294710891977,2,1,"cn2m1",1.90541353835969,0.694451238202151
"72","chr8",22558991,36294791,1373,-0.585,"p",8097,0.670404643728443,0.666666666666667,1,0,"cn1m0",1.90541353835969,0.694451238202151
"73","chr8",36304791,43080591,678,0.0605,"p",4286,0.268303866434708,1.04324450677887,2,1,"cn2m1",1.90541353835969,0.694451238202151
"74","chr8",48109986,65359481,1725,0.0537,"q",12840,0.262829931728995,1.03960396039604,2,1,"cn2m1",1.90541353835969,0.694451238202151
"75","chr8",65369481,146288671,8060,0.4927,"q",50331,0.423103846666109,1.40659340659341,3,1,"cn3m1",1.90541353835969,0.694451238202151
"76","chr9",19801,349801,34,-0.47,"p",277,0.558622374206155,0.712733446519525,1,0,"cn1m0",1.90541353835969,0.694451238202151
"77","chr9",359801,38756401,3839,-0.5873,"p",22397,0.664308757359665,0.666666666666667,1,0,"cn1m0",1.90541353835969,0.694451238202151
"78","chr9",38766401,43427161,416,-0.4943,"p",672,0.467421020656136,0.712686122692079,1,0,"cn1m0",1.90541353835969,0.694451238202151
"79","chr9",43437161,43517161,9,-0.0786,"p",18,0.673913043478261,0.954545454545454,2,0,"cn2m0",1.90541353835969,0.694451238202151
"80","chr9",43527161,44667956,110,-0.5165,"p",416,0.459843837144451,0.693785622357051,1,0,"cn1m0",1.90541353835969,0.694451238202151
"81","chr9",44728151,44848151,13,-0.1528,"p",302,0.411557695869605,0.891891891891892,2,1,"cn2m1",1.90541353835969,0.694451238202151
"82","chr9",44858151,45458541,46,-0.4103,"p",347,0.438058916359811,0.756949806949807,1,0,"cn1m0",1.90541353835969,0.694451238202151
"83","chr9",45468541,47289526,153,-0.5297,"p",370,0.49885877318117,0.691176470588235,1,0,"cn1m0",1.90541353835969,0.694451238202151
"84","chr9",65477721,65647721,18,-0.5561,"q",21,0.529411764705882,0.67037037037037,1,0,"cn1m0",1.90541353835969,0.694451238202151
"85","chr9",65657721,66678516,83,-0.4458,"q",294,0.477676858129717,0.729166666666667,1,0,"cn1m0",1.90541353835969,0.694451238202151
"86","chr9",66688516,66918711,19,-0.2783,"q",245,0.455069370330843,0.822660098522167,1,0,"cn1m0",1.90541353835969,0.694451238202151
"87","chr9",66928711,68349696,103,-0.456,"q",420,0.465020161290323,0.729591836734694,1,0,"cn1m0",1.90541353835969,0.694451238202151
"88","chr9",68359696,69070086,42,-0.237,"q",758,0.450646209659134,0.858942652329749,2,1,"cn2m1",1.90541353835969,0.694451238202151
"89","chr9",69080086,69670286,55,-0.5143,"q",334,0.420727945712523,0.706349206349206,1,0,"cn1m0",1.90541353835969,0.694451238202151
"90","chr9",69680286,70941471,97,-0.3958,"q",727,0.455902306648575,0.754098360655738,1,0,"cn1m0",1.90541353835969,0.694451238202151
"91","chr9",70951471,119712061,4849,-0.5843,"q",25532,0.673768586746956,0.666666666666667,1,0,"cn1m0",1.90541353835969,0.694451238202151
"92","chr9",119722061,141139051,2114,0.0683,"q",9744,0.766193881741035,1.04901960784314,2,0,"cn2m0",1.90541353835969,0.694451238202151
"93","chr10",69801,37987601,3786,0.0582,"p",32293,0.272940463674109,1.04123711340206,2,1,"cn2m1",1.90541353835969,0.694451238202151
"94","chr10",42365001,135504951,9225,0.0582,"q",66340,0.281689122559829,1.04081632653061,2,1,"cn2m1",1.90541353835969,0.694451238202151
"95","chr11",69801,169801,11,-0.0267,"p",15,0.427272727272727,0.976744186046512,2,1,"cn2m1",1.90541353835969,0.694451238202151
"96","chr11",179801,49896596,4965,-0.4107,"p",36352,0.508740645720599,0.752475247524752,1,0,"cn1m0",1.90541353835969,0.694451238202151
"97","chr11",49906596,51574791,136,0.0466,"p",385,0.360948449649611,1.03496588693957,2,1,"cn2m1",1.90541353835969,0.694451238202151
"98","chr11",55709991,105522376,4950,0.0571,"q",35126,0.272453565448973,1.04040404040404,2,1,"cn2m1",1.90541353835969,0.694451238202151
"99","chr11",105532376,134931376,2940,0.4027,"q",19624,0.371713440383937,1.32038834951456,3,1,"cn3m1",1.90541353835969,0.694451238202151
"100","chr12",69801,33289991,3310,0.0576,"p",26442,0.278496220563487,1.04081632653061,2,1,"cn2m1",1.90541353835969,0.694451238202151
"101","chr12",38209986,133822066,9537,0.0586,"q",65302,0.270533289021823,1.04123711340206,2,1,"cn2m1",1.90541353835969,0.694451238202151
"102","chr13",19509801,107593596,8791,0.0535,"q",63809,0.27175952211066,1.03921568627451,2,1,"cn2m1",1.90541353835969,0.694451238202151
"103","chr13",107603596,107643596,5,-0.5837,"q",29,0.677130044843049,0.637254901960784,1,0,"cn1m0",1.90541353835969,0.694451238202151
"104","chr13",107653596,112895791,510,0.0479,"q",4701,0.265925226539796,1.03883495145631,2,1,"cn2m1",1.90541353835969,0.694451238202151
"105","chr13",112905791,112965791,7,-0.1252,"q",15,0.266490765171504,0.936363636363636,2,1,"cn2m1",1.90541353835969,0.694451238202151
"106","chr13",112975791,115089981,192,0.0494,"q",2293,0.302428601209089,1.03297101449275,2,1,"cn2m1",1.90541353835969,0.694451238202151
"107","chr14",19109801,22406001,330,0.0644,"q",3034,0.344431415249742,1.05148748159057,2,1,"cn2m1",1.90541353835969,0.694451238202151
"108","chr14",22416001,22976401,57,0.2961,"q",663,0.271101761767026,1.22972972972973,3,1,"cn3m1",1.90541353835969,0.694451238202151
"109","chr14",22986401,37719601,1474,0.0529,"q",10359,0.271619131346261,1.03755951331335,2,1,"cn2m1",1.90541353835969,0.694451238202151
"110","chr14",37729601,37769601,5,-0.5089,"q",26,0.60655737704918,0.638095238095238,1,0,"cn1m0",1.90541353835969,0.694451238202151
"111","chr14",37780601,107277401,6941,0.0542,"q",51886,0.274609544098192,1.03921568627451,2,1,"cn2m1",1.90541353835969,0.694451238202151
"112","chr15",20709801,102505796,8094,0.059,"q",57075,0.283508323220025,1.04166666666667,2,1,"cn2m1",1.90541353835969,0.694451238202151
"113","chr16",69801,14784196,1465,-0.5762,"p",10563,0.672262457687161,0.670212765957447,1,0,"cn1m0",1.90541353835969,0.694451238202151
"114","chr16",14794196,15044596,26,-0.3974,"p",26,0.56651376146789,0.743421052631579,1,0,"cn1m0",1.90541353835969,0.694451238202151
"115","chr16",15054596,15255196,21,-0.5706,"p",173,0.628875110717449,0.670103092783505,1,0,"cn1m0",1.90541353835969,0.694451238202151
"116","chr16",15265196,15465196,21,-0.3276,"p",75,0.327797833935018,0.798165137614679,1,0,"cn1m0",1.90541353835969,0.694451238202151
"117","chr16",15475196,16175396,71,-0.5793,"p",359,0.658028973678841,0.666666666666667,1,0,"cn1m0",1.90541353835969,0.694451238202151
"118","chr16",16185396,16325396,15,0.049,"p",140,0.294245858761988,1.04040404040404,2,1,"cn2m1",1.90541353835969,0.694451238202151
"119","chr16",16335396,16596196,27,-0.0717,"p",38,0.518617021276596,0.941747572815534,2,1,"cn2m1",1.90541353835969,0.694451238202151
"120","chr16",16606196,18167396,157,0.0553,"p",1448,0.281344183242917,1.03409090909091,2,1,"cn2m1",1.90541353835969,0.694451238202151
"121","chr16",18177396,18507796,34,-0.0708,"p",164,0.401367989056088,0.94722590627763,2,1,"cn2m1",1.90541353835969,0.694451238202151
"122","chr16",18517796,34582796,1591,0.0546,"p",11622,0.319410136047822,1.03960396039604,2,1,"cn2m1",1.90541353835969,0.694451238202151
"123","chr16",46395991,46495991,11,-0.4019,"q",242,0.373050935550936,0.773006134969325,1,0,"cn1m0",1.90541353835969,0.694451238202151
"124","chr16",46505991,70839991,2431,-0.5832,"q",9876,0.677942459785753,0.666666666666667,1,0,"cn1m0",1.90541353835969,0.694451238202151
"125","chr16",70849991,71199991,36,-0.2492,"q",115,0.472942246475671,0.842400946185689,1,0,"cn1m0",1.90541353835969,0.694451238202151
"126","chr16",71209991,88032191,1682,-0.5769,"q",13040,0.670611152957066,0.670103092783505,1,0,"cn1m0",1.90541353835969,0.694451238202151
"127","chr16",88042191,90150586,206,0.0643,"q",1441,0.78338746186399,1.04621499762696,2,0,"cn2m0",1.90541353835969,0.694451238202151
"128","chr16",90160586,90260586,11,-0.0905,"q",39,0.58970792767733,0.933962264150943,2,0,"cn2m0",1.90541353835969,0.694451238202151
"130","chr17",9801,22183591,2197,0.0399,"p",19968,0.332807798079277,1.02439024390244,2,1,"cn2m1",1.90541353835969,0.694451238202151
"131","chr17",25809986,81109771,5506,0.0661,"q",33096,0.271727062575871,1.04716981132075,2,1,"cn2m1",1.90541353835969,0.694451238202151
"132","chr17",81119771,81180171,7,-0.1535,"q",12,0.573684210526316,0.893617021276596,2,0,"cn2m0",1.90541353835969,0.694451238202151
"133","chr18",19801,15381001,1536,0.0582,"p",14533,0.284378616061097,1.04102671996634,2,1,"cn2m1",1.90541353835969,0.694451238202151
"134","chr18",19009996,78003586,5872,0.0543,"q",42053,0.267969015639476,1.03960396039604,2,1,"cn2m1",1.90541353835969,0.694451238202151
"135","chr19",69801,24386391,2413,0.0713,"p",19783,0.289264598914523,1.04950495049505,2,1,"cn2m1",1.90541353835969,0.694451238202151
"136","chr19",28609986,59100586,3046,0.0642,"q",23359,0.279336940668647,1.04444444444444,2,1,"cn2m1",1.90541353835969,0.694451238202151
"137","chr20",69801,14212801,1412,0.0587,"p",11095,0.264378430538406,1.04123711340206,2,1,"cn2m1",1.90541353835969,0.694451238202151
"138","chr20",14222801,14272801,6,0.4628,"p",4,0.453703703703704,1.43003651202749,3,1,"cn3m1",1.90541353835969,0.694451238202151
"139","chr20",14282801,25586401,1131,0.0521,"p",8193,0.265737422562991,1.03424657534247,2,1,"cn2m1",1.90541353835969,0.694451238202151
"140","chr20",29429596,62947181,3319,0.0595,"q",23675,0.289749432629686,1.04166666666667,2,1,"cn2m1",1.90541353835969,0.694451238202151
"141","chr21",9420991,10882771,112,0.0227,"p",1587,0.473524527337762,1.02004982320797,2,1,"cn2m1",1.90541353835969,0.694451238202151
"142","chr21",14348166,48105791,3363,0.0578,"q",26081,0.280691738832581,1.04081632653061,2,1,"cn2m1",1.90541353835969,0.694451238202151
"143","chr22",17909801,51229191,3313,0.0672,"q",25346,0.277009713017037,1.04807692307692,2,1,"cn2m1",1.90541353835969,0.694451238202151
"144","chrX",71601,9465766,902,0.0526,"p",237,0.443570199164003,1.04,2,1,"cn2m1",1.90541353835969,0.694451238202151
"145","chrX",9475766,9755966,29,-1.7341,"p",0,0,0.297872340425532,0,0,"cn0m0",1.90541353835969,0.694451238202151
"146","chrX",9765966,30603161,2079,0.0558,"p",181,0.536507936507936,1.04081632653061,2,0,"cn2m0",1.90541353835969,0.694451238202151
"147","chrX",30613161,30683361,8,0.7486,"p",1,0.894736842105263,1.71869565217391,4,0,"cn4m0",1.90541353835969,0.694451238202151
"148","chrX",30693361,58082141,2718,0.0539,"p",525,0.409220121122235,1.04,2,1,"cn2m1",1.90541353835969,0.694451238202151
"149","chrX",63009936,128645726,6542,0.0485,"q",1193,0.530918838050118,1.03846153846154,2,0,"cn2m0",1.90541353835969,0.694451238202151
"150","chrX",128655726,128735926,9,0.3059,"q",0,0,1.26086956521739,3,1,"cn3m1",1.90541353835969,0.694451238202151
"151","chrX",128745926,155245506,2628,0.0492,"q",452,0.502279387821557,1.03921568627451,2,1,"cn2m1",1.90541353835969,0.694451238202151
"152","chrY",20801,10084766,965,0.0763,"p",2387,0.466477459690688,1.05882352941176,0,0,"cn2m1",1.90541353835969,0.694451238202151
"153","chrY",13409956,13860151,41,-0.0118,"q",1605,0.423414694483384,0.991596638655462,0,0,"cn2m1",1.90541353835969,0.694451238202151
"154","chrY",13870151,59345731,1528,0.0902,"q",990,0.436171099808221,1.06382978723404,0,0,"cn2m1",1.90541353835969,0.694451238202151
