types,subtypes,processes1,processes2,processes3,processes4,processes5
C>A,ACA,0.000353018,0.000284683,0.000401966,0.002938016,0.002984077
C>A,ACC,0.001989511,0.000510114,0.001355681,0.003327447,0.00292609
C>A,ACG,0,0,0,0,0
C>A,ACT,0.003569683,0.002669758,0.001889368,0.001767242,0.001514416
C>G,ACA,2.31E-14,0.000341256,0.000462422,0.001571733,0.001276975
C>G,ACC,8.51E-05,0.000807362,0.001553647,0.002062561,0.002101309
C>G,ACG,0,0,0,0,0
C>G,ACT,6.43E-14,0.000397529,0.001906204,0.002185919,0.001846518
C>T,ACA,1.99E-05,0.006892326,0.008541868,0.022058127,0.005600839
C>T,ACC,0.003017996,0.01371581,0.013124372,0.012988686,0.004737775
C>T,ACG,0.007776642,0.045746292,0.001764353,0.179413026,0.05803999
C>T,ACT,0.002967025,0.005243888,0.006073641,0.009978352,0.00483936
T>A,ATA,1.78E-06,0.000459875,0.00843095,0.000277376,0.001507504
T>A,ATC,4.73E-15,0.002482882,0.030120014,0.000178066,0.006465852
T>A,ATG,3.91E-05,0.00024894,0.002000363,0.000591483,0.002729729
T>A,ATT,2.86E-06,0.003186789,0.007260937,0.001900483,0.0050057
T>C,ATA,0.005375924,0.001430913,0.022742341,0.008876909,0.002281222
T>C,ATC,0.009615228,0.003751987,0.016861376,0.008873703,0.006881022
T>C,ATG,0.002717894,0.004393029,0.028017146,0.030992939,0.005148913
T>C,ATT,0.004282285,0.001119119,0.015964164,0.004058816,0.004125012
T>G,ATA,0,0,0,0,0
T>G,ATC,0.004522269,4.56E-06,0.002538083,0.000534354,0.006647745
T>G,ATG,0.001311135,0.000431658,0.001467093,0.000614801,0.003275789
T>G,ATT,0.017730003,2.02E-07,0.000737475,3.14E-08,0.028742552
C>A,CCA,0.001224692,0.003019287,0.003975556,0.012956197,0.003518823
C>A,CCC,0.0004005,0.004012095,0.004142177,0.024397472,0.003204448
C>A,CCG,2.41E-05,0.002945795,0.005021741,0.012253762,0.000424753
C>A,CCT,0.000913593,0.019786783,0.024842254,0.056818864,0.005269818
C>G,CCA,5.56E-09,0.000334219,0.000100888,0.000645235,0.001586623
C>G,CCC,1.08E-05,2.31E-05,0.000210143,0.000550941,0.001437879
C>G,CCG,0,0,0,0,0
C>G,CCT,1.41E-05,0.000130942,0.000248009,0.000918181,0.002199761
C>T,CCA,0.00042102,0.002880512,0.005216342,0.010315098,0.009816406
C>T,CCC,0.000404408,0.006534706,0.014831859,0.010705677,0.005773905
C>T,CCG,8.87E-05,0.03265552,0.004152943,0.211102388,0.026050147
C>T,CCT,0.003817892,0.008375682,0.010001818,0.008680276,0.008751717
T>A,CTA,0,0,0,0,0
T>A,CTC,3.82E-06,0.000927188,0.005855405,0.000538573,0.017386305
T>A,CTG,2.52E-05,0.000125374,0.002365305,0.001292219,0.010173952
T>A,CTT,0.000337066,5.31E-08,0.000679748,0.001293847,0.027753858
T>C,CTA,0.000563766,0.000204312,0.021653109,0.00864526,0.00682195
T>C,CTC,0.001589576,0.002210035,0.013582808,0.008221601,0.043468018
T>C,CTG,1.40E-06,0.005743409,0.031487145,0.038551672,0.041389572
T>C,CTT,0.000497112,0.00081477,0.019817221,0.005679992,0.072229435
T>G,CTA,0,0,0,0,0
T>G,CTC,0.003609838,0.001513903,0.001454285,0.003802234,0.019655201
T>G,CTG,0.007435528,0.001408442,0.00156128,0.007091347,0.015304859
T>G,CTT,0.027371823,1.72E-07,3.98E-05,2.07E-05,0.186976823
C>A,GCA,0.001769529,0.002217719,0.001010461,0.003321929,0.00510014
C>A,GCC,0.00046526,0.007029747,0.005092028,0.002107676,0.003583793
C>A,GCG,0.000161238,0.000860169,0.002247803,0.002736253,0.001755337
C>A,GCT,0.003692058,0.019746113,0.014583513,0.002151393,0.00529883
C>G,GCA,1.28E-16,0.000430125,0.001274172,0.001173209,0.001380665
C>G,GCC,1.52E-05,0.000263069,0.002857761,0.004316647,0.002017439
C>G,GCG,0,0,0,0,0
C>G,GCT,0.00058643,0.001083781,0.000679019,0.001425022,0.001049592
C>T,GCA,4.45E-06,0.039543253,0.022636789,0.033177673,0.002711079
C>T,GCC,0.012685307,0.121158782,0.056495887,0.014192997,0.00420688
C>T,GCG,0.012781936,0.441746293,0.00040304,0.041223676,0.031209166
C>T,GCT,0.02974457,0.066576444,0.034588144,0.007623495,0.004992487
T>A,GTA,0.000316291,0.000525464,0.004422834,0.00013471,0.000640656
T>A,GTC,1.73E-16,0.002270914,0.019248157,0.000510762,0.007157509
T>A,GTG,2.33E-07,0.000547402,0.003591173,0.000233109,0.003599733
T>A,GTT,4.67E-11,0.001871431,0.005432786,0.000150186,0.006003954
T>C,GTA,0.017085844,0.006336814,0.113468222,0.009630589,0.008121892
T>C,GTC,0.041655236,0.024330405,0.056840587,0.00010418,0.00434595
T>C,GTG,0.007829735,0.007059345,0.075895963,0.016627153,0.010105276
T>C,GTT,0.019871349,0.001538438,0.07133843,0.003804317,0.004470175
T>G,GTA,0,0,0,0,0
T>G,GTC,0.005400085,0.001576875,0.001419555,0.000359615,0.008095362
T>G,GTG,0.002092159,0.00118159,0.001028281,0.001034353,0.003932689
T>G,GTT,0.004933747,0.002711369,0.005443233,7.54E-06,0.044232901
C>A,TCA,0.027202162,0.000994608,0.000308674,0.000995479,0.003174761
C>A,TCC,0.003919301,0.001884388,0.000629314,0.005371233,0.003860897
C>A,TCG,0.000730201,0.001517259,0.000512659,0.000922715,0.001742673
C>A,TCT,0.188677122,0.004489738,0.002413588,3.34E-05,0.000217402
C>G,TCA,5.89E-05,8.49E-07,0.000270498,0.000862931,0.003860194
C>G,TCC,0.000248642,0.000162736,0.000655728,0.001751287,0.002734528
C>G,TCG,0,0,0,0,0
C>G,TCT,0.000659525,0.000395843,0.000796895,0.00221487,0.00711852
C>T,TCA,0.006714193,0.004826228,0.011165552,0.005691407,0.012307985
C>T,TCC,0.018980013,0.011042595,0.012726323,0.005423158,0.011657701
C>T,TCG,0.297653446,0.020079824,0.000370758,0.085976219,0.004906884
C>T,TCT,0.039821714,0.004996424,0.011540992,0.002496213,0.007608651
T>A,TTA,2.48E-05,0.000626454,0.003004852,0.000694642,0.001307013
T>A,TTC,2.53E-07,0.000201622,0.004487014,0.000525297,0.006316878
T>A,TTG,0,0,0,0,0
T>A,TTT,0.00136401,0.000216535,0.001133683,0.00035136,0.006775849
T>C,TTA,0.00282652,0.000884909,0.03048404,0.003580504,0.0008219
T>C,TTC,0.011453632,0.006063289,0.027462568,0.003017487,0.01401767
T>C,TTG,0.001078155,0.002235695,0.02308511,0.012009146,0.007776782
T>C,TTT,0.007743728,0.000853247,0.02213264,0.001772899,0.009015851
T>G,TTA,0,0,0,0,0
T>G,TTC,0.013968699,2.10E-05,0.002260071,5.49E-12,0.013896563
T>G,TTG,0.003573376,0.000135259,0.000107892,0.000591633,0.003608405
T>G,TTT,0.098078632,6.83E-07,5.36E-11,6.78E-26,0.045388745